slug,name,description_html
truyen-mau,Truyện Màu,"<h3>Tuyển tập truyện tranh màu 18+, manhwa màu vietsub chất lượng cao. Đọc truyện màu không che cực hot cập nhật mới nhất tại FanManga.</h3>
<p>Khám phá thế giới <strong>truyện tranh màu 18+</strong> đầy sống động tại FanManga. Chúng tôi cung cấp danh sách <strong>manhwa màu vietsub</strong> với hình ảnh sắc nét, màu sắc rực rỡ mang lại trải nghiệm đọc tuyệt vời nhất.</p>
<p>Tại đây, bạn có thể tìm thấy các bộ truyện màu thuộc nhiều thể loại như lãng mạn, hành động, hay đời thường, tất cả đều được dịch thuật kỹ lưỡng. Đọc truyện màu không chỉ giúp bạn theo dõi cốt truyện dễ dàng mà còn tận hưởng tính nghệ thuật trong từng khung hình.</p>"
truyen-ngot,Truyện ngọt,"<h3>Đọc truyện ngọt 18+, manhwa lãng mạn nhẹ nhàng không ngược. Top truyện 18+ sủng ngọt hay nhất vietsub tại FanManga.</h3>
<p>Nếu bạn đang tìm kiếm những phút giây thư giãn, <strong>truyện ngọt 18+</strong> là lựa chọn hoàn hảo. Thể loại này tập trung vào những câu chuyện tình cảm nhẹ nhàng, <strong>manhwa lãng mạn không ngược</strong>, nơi các nhân vật quan tâm và yêu thương nhau hết mực.</p>
<p>FanManga cập nhật liên lục các bộ truyện sủng ngọt, truyện tranh tình cảm 18+ vietsub mới nhất. Hãy cùng chìm đắm vào thế giới của những nụ hôn ngọt ngào và kết thúc có hậu.</p>"
trau-gia,Lớn Tuổi,"<h3>Đọc truyện lớn tuổi 18+, manhwa phi công trẻ máy bay bà già cực hot. Tuyển tập truyện trâu già gặm cỏ non vietsub hay nhất.</h3>
<p>Thể loại <strong>truyện lớn tuổi 18+</strong> luôn có sức hút riêng với những mối quan hệ đầy kịch tính. Từ <strong>manhwa trâu già gặm cỏ non</strong> đến những câu chuyện phi công trẻ lái máy bay bà già, mỗi bộ truyện đều mang lại cảm xúc mãnh liệt.</p>
<p>Chúng tôi tuyển chọn những bộ truyện tranh lớn tuổi vietsub hay nhất, tập trung vào sự trưởng thành, quyến rũ và những nút thắt tình cảm đặc biệt.</p>"
chau-gai,Cháu gái,"<h3>Đọc truyện cháu gái 18+, manhwa loạn luân cháu gái cực hot. Tuyển tập truyện tranh cháu gái vietsub mới nhất tại FanManga.</h3>
<p><strong>Truyện cháu gái 18+</strong> khai thác những chủ đề nhạy cảm và táo bạo trong dòng truyện 18+. Với các bộ <strong>manhwa cháu gái</strong> được dịch vietsub chuẩn, bạn sẽ được trải nghiệm những cốt truyện cấm kỵ đầy kích thích.</p>
<p>Lưu ý: Thể loại này chỉ dành cho độc giả trên 18 tuổi. FanManga cam kết cập nhật những chương mới nhất của các bộ truyện cháu gái hot nhất hiện nay.</p>"
thu-dam,Thủ dâm,"<h3>Đọc truyện thủ dâm 18+, manhwa thủ dâm vietsub hay nhất. Các bộ hentai solo, tự sướng cực phê cập nhật liên tục.</h3>
<p><strong>Truyện thủ dâm 18+</strong> (hay còn gọi là solo/tự sướng) là thể loại tập trung vào những khoảnh khắc riêng tư đầy cảm xúc của nhân vật. Các bộ <strong>manhwa thủ dâm</strong> thường miêu tả chi tiết những khao khát thầm kín và sự thỏa mãn cá nhân.</p>
<p>Tại FanManga, bạn có thể tìm thấy những bộ hentai solo, truyện tranh tự sướng vietsub với chất lượng hình ảnh không che cực nét.</p>"
vet-mang,Vét máng,"<h3>Đọc truyện vét máng 18+, manhwa cunnilingus vietsub cực hot. Tuyển tập truyện vét máng, bú lồn hay nhất tại FanManga.</h3>
<p><strong>Truyện vét máng 18+</strong> (Cunnilingus) là một trong những niche được yêu thích nhất trong cộng đồng manhwa. Thể loại này đi sâu vào những kỹ năng ""vét máng"" đỉnh cao, mang lại khoái cảm tột độ cho nhân vật nữ.</p>
<p>Khám phá danh sách <strong>manhwa vét máng</strong> vietsub, truyện bú lồn hay nhất với nội dung đa dạng và hình ảnh nóng bỏng.</p>"
deo-kinh,Đeo kính,"<h3>Đọc truyện đeo kính 18+, manhwa megane vietsub. Tuyển tập gái đeo kính dâm, mọt sách 18+ cực hot tại FanManga.</h3>
<p>Vẻ đẹp tri thức nhưng không kém phần dâm đãng của các nhân vật <strong>truyện đeo kính 18+</strong> luôn có sức quyến rũ lạ kỳ. Thể loại <strong>manhwa megane</strong> tập trung vào những cô nàng mọt sách, giáo viên hay thư ký đeo kính với những bí mật đầy bất ngờ.</p>
<p>Hãy cùng chiêm ngưỡng những bộ truyện tranh gái đeo kính vietsub hay nhất, nơi gọng kính là biểu tượng của sự gợi cảm.</p>"
giao-vien,Giáo viên,"<h3>Đọc truyện giáo viên 18+, manhwa cô giáo vietsub cực hot. Tuyển tập truyện tranh cô giáo và học sinh hay nhất tại FanManga.</h3>
<p>Mối quan hệ cấm kỵ giữa <strong>giáo viên và học sinh</strong> luôn là đề tài nóng hổi. Thể loại <strong>truyện giáo viên 18+</strong> mang đến những câu chuyện về những cô giáo dâm đãng, những buổi học ngoại khóa đầy kích thích.</p>
<p>Đọc ngay manhwa giáo viên vietsub, truyện tranh cô giáo học sinh hot nhất được cập nhật thường xuyên tại FanManga.</p>"
hang-xom,Hàng xóm,"<h3>Đọc truyện hàng xóm 18+, manhwa hàng xóm vietsub. Tuyển tập truyện tranh anh chàng hàng xóm, chị hàng xóm cực hot.</h3>
<p>Bên cạnh nhà bạn là ai? Thể loại <strong>truyện hàng xóm 18+</strong> khai thác những mối tình ""lửa gần rơm"" đầy hấp dẫn. <strong>Manhwa hàng xóm</strong> thường xoay quanh những anh chàng hàng xóm tốt bụng hay những chị hàng xóm quyến rũ.</p>
<p>Tuyển tập truyện tranh hàng xóm vietsub mang đến góc nhìn gần gũi nhưng không kém phần nóng bỏng về các mối quan hệ xã hội.</p>"
mong-to,Mông to,"<h3>Đọc truyện mông to 18+, manhwa gái mông to vietsub cực hot. Tuyển tập truyện tranh mông to, bbw hay nhất tại FanManga.</h3>
<p>Nếu bạn là tín đồ của vẻ đẹp vòng 3, <strong>truyện mông to 18+</strong> chính là thiên đường cho bạn. Các bộ <strong>manhwa gái mông to</strong> miêu tả những đường cong gợi cảm, những bờ mông căng tròn đầy sức sống.</p>
<p>FanManga tổng hợp những bộ truyện tranh mông to vietsub hay nhất, bao gồm cả những thể loại như bbw, tập gym cực hot.</p>"
veu-to,Vú to,"<h3>Đọc truyện vú to 18+, manhwa vú to vietsub cực hot. Tuyển tập truyện tranh vú to, bú vú, kẹp vú hay nhất tại FanManga.</h3>
<p>Sức quyến rũ từ vòng một khủng luôn là điểm nhấn của <strong>truyện vú to 18+</strong>. Thể loại <strong>manhwa vú to</strong> tập trung vào những nhân vật nữ có bộ ngực nảy nở, mang lại những cảnh quay bú vú, kẹp vú đầy nghệ thuật.</p>
<p>Khám phá bộ sưu tập truyện tranh vú to vietsub, nơi vẻ đẹp phồn thực của phái nữ được tôn vinh tối đa.</p>"
gia-dinh,Gia đình,"<h3>Đọc truyện gia đình 18+, manhwa loạn luân gia đình cực hot. Tuyển tập truyện tranh gia đình vietsub mới nhất tại FanManga.</h3>
<p><strong>Truyện gia đình 18+</strong> (Incest/Loạn luân) là thể loại khai thác những mối quan hệ nội bộ đầy kịch tính và cấm kỵ. Các bộ <strong>manhwa gia đình</strong> thường tập trung vào tâm lý nhân vật và những bí mật gia đình không thể tiết lộ.</p>
<p>Lưu ý: Đây là nội dung giả tưởng dành cho người trưởng thành. FanManga cập nhật những bộ truyện tranh gia đình 18+ vietsub chất lượng nhất.</p>"
truyen-dai,Truyện dài,"<h3>Tuyển tập truyện tranh dài tập 18+, manhwa long-run vietsub chất lượng cao. Đọc truyện dài không che cực hot tại FanManga.</h3>
<p>Dành cho những độc giả yêu thích sự bền bỉ, <strong>truyện tranh dài tập 18+</strong> mang đến những hành trình kéo dài hàng trăm chương. <strong>Manhwa dài tập</strong> thường có cốt truyện sâu sắc, xây dựng nhân vật tỉ mỉ và kịch tính tăng dần.</p>
<p>Tại FanManga, bạn có thể theo dõi trọn bộ truyện dài vietsub mà không sợ bị ngắt quãng giữa chừng.</p>"
truyen-ngan,Truyện ngắn,"<h3>Tuyển tập truyện tranh ngắn 18+, manhwa oneshot vietsub cực phê. Đọc truyện ngắn không che cập nhật mới nhất tại FanManga.</h3>
<p>Nhanh, gọn và kích thích là đặc trưng của <strong>truyện tranh ngắn 18+</strong>. Thể loại <strong>manhwa oneshot</strong> tập trung vào những tình tiết cao trào ngay từ đầu, phù hợp với những người bận rộn muốn tìm cảm hứng tức thì.</p>
<p>Đọc ngay danh sách truyện ngắn 18+ vietsub, tuyển tập oneshot mới nhất với nội dung độc đáo tại FanManga.</p>"
nhom,Gangbang,"<h3>Đọc truyện gangbang 18+, manhwa chịch nhóm vietsub cực hot. Tuyển tập truyện tranh gangbang, nhiều người hay nhất tại FanManga.</h3>
<p><strong>Truyện gangbang 18+</strong> (Chịch nhóm) là thể loại dành cho những ai thích sự cuồng nhiệt của đám đông. Các bộ <strong>manhwa chịch nhóm</strong> thường mô tả cảnh một nhân vật với nhiều người khác, mang lại cường độ hưng phấn cực cao.</p>
<p>Khám phá kho truyện tranh gangbang vietsub, truyện 1vs3, 1vs5 cực nóng bỏng cập nhật mỗi ngày.</p>"
khong-che,Không che,"<h3>Tuyển tập truyện tranh không che 18+, manhwa uncensored vietsub chất lượng cao. Đọc truyện không che cực hot cập nhật mới nhất tại FanManga.</h3>
<p>Trải nghiệm chân thực nhất với <strong>truyện tranh không che 18+</strong> (Uncensored). Thể loại này loại bỏ hoàn toàn các lớp làm mờ, mang lại hình ảnh manhwa không che sắc nét và rõ ràng nhất.</p>
<p>FanManga là địa chỉ tin cậy để đọc truyện không che vietsub, đảm bảo mang đến cho bạn những khung hình nóng bỏng nhất.</p>"
me-con,Mẹ con,"<h3>Đọc truyện mẹ con 18+, manhwa loạn luân mẹ con vietsub cực phê. Tuyển tập truyện tranh mẹ con, loạn luân hay nhất tại FanManga.</h3>
<p><strong>Truyện mẹ con 18+</strong> là một trong những chủ đề loạn luân được tìm kiếm nhiều nhất. Thể loại <strong>manhwa mẹ con</strong> khai thác tình cảm bị kìm nén và những lần ""vượt rào"" đầy kịch tính giữa mẹ và con trai.</p>
<p>Tuyển tập truyện tranh mẹ con vietsub tại FanManga luôn đảm bảo chất lượng dịch thuật và hình ảnh tốt nhất.</p>"
ho-hang,Họ Hàng,"<h3>Đọc truyện họ hàng 18+, manhwa loạn luân họ hàng cực hot. Tuyển tập truyện tranh họ hàng vietsub mới nhất tại FanManga.</h3>
<p>Xoay quanh những mối quan hệ giữa anh chị em họ, cô dì chú bác, <strong>truyện họ hàng 18+</strong> mang lại cảm giác vừa quen thuộc vừa tội lỗi. Danh mục <strong>manhwa họ hàng</strong> vietsub tập hợp những bộ truyện tranh loạn luân họ hàng hay nhất.</p>
<p>Hãy cùng khám phá những bí mật thầm kín của dòng họ thông qua những bộ truyện tranh cực hot này.</p>"
gyaru,Gái Hư,"<h3>Đọc truyện gyaru 18+, manhwa gái hư vietsub cực hot. Tuyển tập truyện tranh gyaru, gal girl dâm đãng hay nhất tại FanManga.</h3>
<p><strong>Truyện gyaru 18+</strong> (Gal Girl) là phong cách nhân vật nữ trang điểm đậm, nhuộm tóc và cực kỳ dâm đãng. Thể loại <strong>manhwa gái hư</strong> gyaru mang lại làn gió mới with những cô nàng cá tính và bạo dạn trong chuyện phòng the.</p>
<p>Tổng hợp truyện tranh gyaru vietsub, gal girl 18+ hot nhất dành cho những ai yêu thích văn hóa gyaru Nhật Bản.</p>"
elf,Ma Tộc Elf,"<h3>Đọc truyện elf 18+, manhwa ma tộc elf vietsub cực hot. Tuyển tập truyện tranh elf, fantasy 18+ hay nhất tại FanManga.</h3>
<p>Đưa bạn vào thế giới thần thoại with <strong>truyện elf 18+</strong>. Những cô nàng <strong>ma tộc elf</strong> xinh đẹp with đôi tai dài and bộ ngực nảy nở luôn là tâm điểm của các bộ manhwa fantasy 18+.</p>
<p>Đọc ngay tuyển tập truyện tranh elf vietsub, nơi yếu tố ma thuật and tình dục hòa quyện tạo nên sự hấp dẫn khó cưỡng.</p>"
